,Close,Date,High,Low,Open,Trades,Volume
0,2.7111,2015-01-01,2.7539,2.7111,2.7511,148,1319.76282396
1,2.664,2015-01-02,2.7289,2.66,2.71,156,3381.35665484
2,2.15,2015-01-03,2.6687,2.15,2.664,5162,201965.596886
3,1.9494,2015-01-04,2.2368,1.911,2.15,3916,113686.628312
4,2.1,2015-01-05,2.34,1.9494,1.9494,1849,75453.7211613
5,2.144,2015-01-06,2.1843,2.0702,2.1,958,16715.0458005
6,2.1537,2015-01-07,2.188,2.0861,2.145,1841,23961.7228448
7,2.0188,2015-01-08,2.1647,1.992,2.1537,1046,34144.1254446
8,2.0087,2015-01-09,2.025,1.9291,2.0188,811,13768.9123182
9,1.6652,2015-01-10,1.6779,1.6643,1.6644,28,307.57088122
10,1.7573,2015-01-11,1.8924,1.6636,1.6758,2983,91660.1256419
11,1.721,2015-01-12,1.835,1.6856,1.7705,1254,33179.1489439
12,1.5981,2015-01-13,1.725,1.5108,1.721,4431,108488.939516
13,1.189,2015-01-14,1.648,1.1,1.5717,9032,308849.204776
14,1.293,2015-01-15,1.6,1.189,1.192,4601,145308.067889
15,1.426,2015-01-16,1.56,1.273,1.295,3065,69352.9025453
16,1.2921,2015-01-17,1.4598,1.25,1.4153,2017,63258.3968537
17,1.355,2015-01-18,1.4277,1.24,1.301,1662,39175.7393062
18,1.332,2015-01-20,1.3451,1.329,1.342,104,1887.37026447
19,1.391,2015-01-21,1.4196,1.3285,1.335,1285,19292.9698795
20,1.4293,2015-01-22,1.49,1.385,1.3948,1730,39026.3771127
21,1.4523,2015-01-23,1.4775,1.39,1.4302,1042,23369.9170282
22,1.865,2015-01-24,1.93,1.437,1.4512,5593,187765.24192
23,2.27,2015-01-25,2.4,1.854,1.8651,13535,613937.729438
24,2.1066,2015-01-26,2.4395,1.98,2.2641,9043,371017.587104
25,2.1199,2015-01-27,2.153,1.881,2.1066,3209,91561.2754806
26,1.871,2015-01-28,2.168,1.871,2.11,1471,32334.7226824
27,1.921,2015-01-29,1.9749,1.8412,1.8863,2728,38202.0491344
28,1.8799,2015-01-30,1.999,1.844,1.9213,2208,46301.0578671
29,1.8761,2015-01-31,1.9824,1.8691,1.8799,1347,31274.2036572
30,1.8092,2015-02-01,1.8989,1.6717,1.878,3648,93777.3507203
31,1.88,2015-02-02,1.94,1.762,1.8237,1545,40714.0542196
32,1.8324,2015-02-03,2.0293,1.8065,1.881,2384,59966.2269851
33,1.811,2015-02-04,1.866,1.758,1.8317,1219,33343.7189969
34,1.7345,2015-02-05,1.816,1.6914,1.8089,1371,35577.4689817
35,1.7722,2015-02-06,1.8113,1.7347,1.7347,1636,30232.3449566
36,1.813,2015-02-07,1.8471,1.772,1.7829,1123,18711.7648343
37,1.789,2015-02-08,1.847,1.7744,1.827,565,9805.9835341
38,1.741,2015-02-09,1.8,1.6962,1.789,1069,39434.6272965
39,1.7741,2015-02-10,1.8098,1.672,1.74,1715,61610.4976027
40,1.729,2015-02-11,1.81,1.6991,1.7741,1122,28466.2340024
41,1.769,2015-02-12,1.7768,1.71,1.729,659,22036.0669961
42,1.825,2015-02-13,1.8889,1.76,1.765,1892,43653.643029
43,1.9525,2015-02-14,1.995,1.8252,1.827,1848,49870.8493331
44,1.8316,2015-02-15,2.0443,1.7893,1.9525,2060,99077.9580926
45,1.802,2015-02-16,1.85,1.7876,1.8479,669,16562.2987988
46,1.857,2015-02-17,1.8739,1.787,1.801,872,24039.432706
47,1.81,2015-02-18,1.8879,1.7931,1.857,730,35911.1180537
48,1.839,2015-02-19,1.8587,1.8053,1.825,420,8645.45933277
49,1.846,2015-02-20,1.864,1.83,1.8391,792,8357.66658392
50,1.851,2015-02-21,1.8629,1.835,1.85,153,3079.35617894
51,1.7867,2015-02-22,1.868,1.777,1.859,815,31268.743396
52,1.8191,2015-02-23,1.839,1.791,1.794,404,7757.49677074
53,1.828,2015-02-24,1.828,1.797,1.825,251,4352.1150666
54,1.814,2015-02-25,1.8329,1.788,1.8329,228,4785.32269431
55,1.8,2015-02-26,1.8263,1.8,1.817,129,4091.26799786
56,1.863,2015-02-27,1.8879,1.799,1.8,1765,34002.3223429
57,1.852,2015-02-28,1.865,1.832,1.8631,377,8710.2960241
58,1.9219,2015-03-01,1.9295,1.811,1.851,1276,69504.7766812
59,1.958,2015-03-02,1.9641,1.8869,1.9179,1628,40560.6727558
60,1.9618,2015-03-03,2.008,1.905,1.96,1924,36651.1412515
61,1.933,2015-03-04,1.985,1.91,1.9739,1570,45074.6031896
62,1.932,2015-03-05,1.9599,1.883,1.933,1094,33948.1640569
63,1.9079,2015-03-06,1.9449,1.88,1.939,1749,29705.7474165
64,1.923,2015-03-07,1.952,1.89,1.903,434,10845.8270098
65,1.8929,2015-03-08,1.924,1.8704,1.923,1600,36283.0498168
66,1.9584,2015-03-09,1.97,1.8962,1.899,1560,36506.8687718
67,2.004,2015-03-10,2.1386,1.9501,1.9588,3040,115024.923284
68,2.031,2015-03-11,2.0329,1.998,2.0186,596,10210.6525751
69,2.0556,2015-03-12,2.076,1.9833,2.028,708,25163.9959603
70,2.0,2015-03-13,2.06,2.0,2.0554,733,22384.5612014
71,1.9884,2015-03-14,2.0268,1.974,2.0,986,20035.6504188
72,2.0194,2015-03-15,2.0349,1.981,1.982,237,5132.75543791
73,2.0222,2015-03-16,2.066,2.0131,2.0208,968,21522.9220005
74,1.99,2015-03-17,2.0409,1.9691,2.029,653,34403.8077717
75,1.7596,2015-03-18,1.99,1.717,1.9886,3195,86764.3117188
76,1.7791,2015-03-19,1.818,1.6002,1.7572,3103,43088.6989767
77,1.791,2015-03-20,1.8,1.755,1.777,408,4536.49017399
78,1.75,2015-03-21,1.774,1.7242,1.774,348,5848.53768253
79,1.8,2015-03-22,1.814,1.7381,1.7478,467,9555.5218395
80,1.791,2015-03-23,1.82,1.75,1.805,744,12204.0919248
81,1.657,2015-03-24,1.8139,1.6301,1.791,652,9522.91992056
82,1.6962,2015-03-25,1.8163,1.61,1.6774,1880,24772.5766246
83,1.6915,2015-03-26,1.7343,1.6731,1.6754,773,8104.10228256
84,1.682,2015-03-27,1.71,1.676,1.699,802,9798.25743134
85,1.718,2015-03-28,1.7256,1.685,1.69,211,2333.0701527
86,1.651,2015-03-29,1.72,1.634,1.715,834,12853.3222908
87,1.685,2015-03-30,1.6919,1.6136,1.655,381,8113.27722094
88,1.6525,2015-03-31,1.6879,1.628,1.685,333,4383.76918433
89,1.68,2015-04-01,1.68,1.625,1.65,655,9926.10480418
90,1.684,2015-04-02,1.719,1.6471,1.679,947,14090.1338409
91,1.7,2015-04-03,1.7325,1.675,1.695,812,20832.9073854
92,1.689,2015-04-04,1.7048,1.6781,1.704,518,3458.87000982
93,1.7012,2015-04-05,1.7199,1.676,1.6892,493,6138.27131698
94,1.6954,2015-04-06,1.72,1.6577,1.709,687,18335.8591093
95,1.666,2015-04-07,1.6938,1.64,1.6736,540,12068.7947989
96,1.6305,2015-04-08,1.6769,1.61,1.6596,981,23996.6166275
97,1.58,2015-04-09,1.6348,0.9849182,1.625,2273,93768.6304836
98,1.5102,2015-04-10,1.6033,1.5001,1.58,1322,25625.6063316
99,1.4597,2015-04-11,1.5479,1.4281,1.517,1525,26845.9408466
100,1.474,2015-04-12,1.4899,1.4511,1.4596,236,2670.6348137
101,1.3731,2015-04-13,1.4929,1.3601,1.4631,937,25710.1236299
102,1.383,2015-04-14,1.391,1.3251,1.374,1326,30180.3386276
103,1.379,2015-04-15,1.42,1.331,1.384,958,22648.2615801
104,1.4099,2015-04-16,1.4599,1.367,1.38,1610,37923.7399488
105,1.4087,2015-04-17,1.4325,1.39,1.4098,562,8952.15633491
106,1.3969,2015-04-18,1.4239,1.3836,1.4069,587,3165.05488965
107,1.3948,2015-04-19,1.4269,1.3822,1.4009,390,2297.9075423
108,1.3981,2015-04-20,1.4277,1.3789,1.3822,459,8429.0046017
109,1.4352,2015-04-21,1.4499,1.3871,1.3953,964,6706.90633438
110,1.454,2015-04-22,1.48,1.4202,1.4339,1925,10894.3617151
111,1.4491,2015-04-23,1.465,1.433,1.4528,449,7645.66802349
112,1.4222,2015-04-24,1.468,1.41,1.4549,762,5075.20355348
113,1.407,2015-04-25,1.4373,1.3503,1.4265,999,17813.137216
114,1.332,2015-04-26,1.4077,1.3001,1.4077,2235,19927.2020575
115,1.3748,2015-04-27,1.4098,1.3244,1.332,2420,22396.4284232
116,1.3768,2015-04-28,1.3994,1.3471,1.3758,1729,31295.4318808
117,1.37,2015-04-29,1.4,1.352,1.3663,1866,23590.9049942
118,1.4461,2015-04-30,1.496,1.366,1.37,3503,62951.2092202
119,1.4122,2015-05-01,1.4864,1.4,1.4481,1498,23047.356103
120,1.4221,2015-05-02,1.4501,1.404,1.4081,317,6224.82010439
121,1.441,2015-05-03,1.47,1.416,1.4232,1442,13914.0069282
122,1.418,2015-05-04,1.4899,1.3991,1.4457,2048,35119.7435753
123,1.4,2015-05-05,1.4502,1.3589,1.4097,1369,17551.6546077
124,1.393,2015-05-06,1.4543,1.3833,1.4,859,13960.3471483
125,1.452,2015-05-07,1.4899,1.3751,1.3912,3185,41971.1907765
126,1.4861,2015-05-08,1.5029,1.426,1.452,1565,30521.6352678
127,1.4402,2015-05-09,1.5,1.4301,1.488,1638,26301.2353424
128,1.4436,2015-05-10,1.472,1.42,1.4361,1050,12616.2198815
129,1.445,2015-05-11,1.472,1.4301,1.4436,396,6657.90843455
130,1.442,2015-05-12,1.457,1.4321,1.45,307,4976.49668772
131,1.4423,2015-05-13,1.4888,1.44,1.442,2477,33514.7955275
132,1.4384,2015-05-14,1.4657,1.3986,1.4423,2439,27815.356835
133,1.4529,2015-05-15,1.4579,1.41,1.4385,739,13992.7110208
134,1.4514,2015-05-16,1.4644,1.444,1.445,406,3855.84171626
135,1.4539,2015-05-17,1.4709,1.4412,1.4515,1574,12158.5777926
136,1.4424,2015-05-18,1.4689,1.4367,1.4539,665,4192.52946758
137,1.448,2015-05-19,1.46,1.4348,1.4424,503,2603.6587962
138,1.4634,2015-05-20,1.47,1.444,1.4529,880,20285.9738133
139,1.476,2015-05-21,1.48,1.456,1.465,543,8534.72679724
140,1.834,2015-05-22,1.94,1.462,1.4798,5166,180070.020845
141,1.7899,2015-05-23,1.9,1.7503,1.834,1923,52960.6621132
142,1.8489,2015-05-24,1.8587,1.7657,1.79,1262,16643.5431345
143,1.7985,2015-05-25,1.86,1.7674,1.8489,1765,22304.512482
144,1.812,2015-05-26,1.83,1.7705,1.8019,946,14141.3671805
145,1.831,2015-05-27,1.9159,1.789,1.8111,2005,42330.7749905
146,1.83,2015-05-28,1.8444,1.812,1.83,380,12783.7829501
147,1.824,2015-05-29,1.8439,1.802,1.8281,766,21489.4762497
148,1.79,2015-05-30,1.825,1.7812,1.8211,435,14856.3241154
149,1.6319,2015-05-31,1.8286,1.61,1.8,4702,101243.353737
150,1.605,2015-06-01,1.6759,1.58,1.6319,2402,58122.9947902
151,1.659,2015-06-02,1.6988,1.5908,1.6119,1266,28486.6808957
152,1.687,2015-06-03,1.6949,1.6422,1.66,1267,16321.0802824
153,1.651,2015-06-04,1.687,1.6478,1.687,316,6107.65007211
154,1.746,2015-06-05,1.778,1.6472,1.651,3026,27613.1815755
155,1.76,2015-06-06,1.777,1.7301,1.745,634,17794.8541057
156,1.73,2015-06-07,1.763,1.7131,1.754,764,9610.29197202
157,1.7906,2015-06-08,1.8099,1.713,1.73,1300,31429.0448824
158,1.8019,2015-06-09,1.8268,1.782,1.7904,2015,27733.7241359
159,1.75,2015-06-10,1.8009,1.7305,1.8,854,14485.7221501
160,1.7791,2015-06-11,1.8,1.75,1.75,638,10420.23814
161,1.8003,2015-06-12,1.82,1.78,1.7882,510,6531.56356681
162,1.8498,2015-06-13,1.88,1.7901,1.813,1183,29762.7897811
163,2.002,2015-06-14,2.42,1.85,1.851,3425,169365.654692
164,2.01,2015-06-15,2.055,1.9601,2.0013,1687,46855.9906536
165,2.8601,2015-06-16,2.88,2.0052,2.01,9188,426856.528728
166,2.8358,2015-06-17,3.27,2.5567,2.87,11777,418202.839342
167,3.1018,2015-06-18,3.23,2.82,2.85,5660,149772.709261
168,2.74,2015-06-19,3.1502,2.702,3.0883,7504,170457.350655
169,3.0333,2015-06-20,3.1,2.859,2.88,5983,102125.784168
170,3.0,2015-06-21,3.0698,2.86,3.0332,4346,60407.2546632
171,2.9975,2015-06-22,3.064,2.945,2.9892,2392,41146.034509
172,2.959,2015-06-23,3.0195,2.9092,2.9975,1947,43489.1879043
173,2.7733,2015-06-24,2.96,2.772,2.9501,3827,83356.9156991
174,2.838,2015-06-25,2.8899,2.681,2.7733,4046,140968.468373
175,2.876,2015-06-26,2.93,2.81,2.843,1836,34289.8417331
176,3.125,2015-06-27,3.1899,2.8611,2.8665,7688,209206.259321
177,3.1194,2015-06-28,3.181,3.0402,3.1243,4997,124075.02467
178,3.7707,2015-06-29,3.975,3.05,3.091,14403,632394.661692
179,4.092,2015-06-30,4.366,3.7194,3.7491,14228,472092.703325
180,3.9431,2015-07-01,4.119,3.8011,4.1157,5220,134854.850484
181,4.056,2015-07-02,4.1931,3.926,3.938,4231,104281.790862
182,4.151,2015-07-03,4.18,4.011,4.06,4955,73271.8736671
183,4.143,2015-07-04,4.189,4.035,4.151,2907,57136.5346968
184,4.938,2015-07-05,4.975,4.0371,4.1411,14512,501439.122191
185,5.38,2015-07-06,5.899,4.5501,4.936,17007,717407.271428
186,5.201,2015-07-07,5.5759,4.9,5.38,12074,317453.958185
187,6.464,2015-07-08,6.5,5.0536,5.1851,19675,704616.272879
188,7.567,2015-07-09,8.1,6.01,6.466,32262,1213857.22813
189,4.4454,2015-07-10,8.9666,3.7344,7.5677,53754,2194677.1451
190,4.328,2015-07-11,4.85,3.5846,4.502,28159,484477.337407
191,5.3081,2015-07-12,5.45,4.241,4.328,19239,571373.420052
192,4.7,2015-07-13,5.3179,4.21,5.308,17179,484206.449301
193,4.601,2015-07-14,4.99,4.415,4.704,8022,196037.327679
194,4.122,2015-07-15,4.72,4.03,4.601,10373,245657.954223
195,3.71,2015-07-16,4.2598,3.2101,4.12,22603,629010.800609
196,3.7501,2015-07-17,3.941,3.4,3.7022,16950,394372.146118
197,4.01,2015-07-18,4.3516,3.735,3.761,9691,274347.39119
198,3.707,2015-07-19,4.096,3.5502,4.002,7302,177306.763114
199,3.9719,2015-07-20,3.984,3.6414,3.707,10017,168698.14856
200,3.777,2015-07-21,4.05,3.7506,3.9728,10258,184360.414069
201,3.8696,2015-07-22,3.88,3.6835,3.7769,9947,104007.337545
202,3.7869,2015-07-23,3.88,3.7652,3.8696,3850,59597.3060869
203,4.6063,2015-07-24,4.7944,3.75,3.786,21589,487564.306661
204,4.6779,2015-07-25,5.0,4.411,4.6149,20506,347691.960593
205,4.7,2015-07-26,4.958,4.4502,4.6778,11003,243735.434007
206,4.69,2015-07-27,4.8,4.55,4.6975,8481,169520.472896
207,5.087,2015-07-28,5.249,4.6885,4.6887,19390,351063.217294
208,4.807,2015-07-29,5.199,4.65,5.0864,14290,256913.127087
209,4.6071,2015-07-30,4.8031,4.5386,4.8031,13375,227447.227034
210,4.6402,2015-07-31,4.82,4.5,4.607,12614,163645.749951
211,4.1488,2015-08-01,4.675,4.066,4.6403,15691,231101.261969
212,4.187,2015-08-02,4.2462,3.82,4.1475,21803,348405.226298
213,4.195,2015-08-03,4.41,4.0214,4.1865,17962,232394.881303
214,4.41,2015-08-04,4.4997,4.1806,4.196,13134,188562.603201
215,4.37,2015-08-05,4.4574,4.2998,4.4107,5405,109305.069021
216,4.0524,2015-08-06,4.38,4.0,4.3481,6363,224269.482296
217,4.2484,2015-08-07,4.27,3.96,4.0524,6669,232256.047897
218,3.871,2015-08-08,4.2494,3.828,4.2336,9827,251889.500368
219,3.94,2015-08-09,4.055,3.82,3.871,4824,172589.735394
220,3.9732,2015-08-10,4.04,3.87,3.9335,3657,118728.465008
221,4.161,2015-08-11,4.1968,3.96,3.9777,11567,158922.451821
222,4.0249,2015-08-12,4.198,4.0,4.175,5790,156617.831451
223,3.9,2015-08-13,4.0141,3.85,4.0141,4526,126772.31064
224,4.054,2015-08-14,4.1755,3.8601,3.9015,6716,153720.775222
225,3.9412,2015-08-15,4.09,3.9201,4.0563,5259,80080.6518381
226,3.98,2015-08-16,4.027,3.872,3.9412,6931,151581.231192
227,4.01,2015-08-17,4.0788,3.9361,3.9757,6163,110964.547229
228,3.363,2015-08-18,4.01,3.0111,4.0094,5772,207343.905381
229,3.4982,2015-08-19,3.6502,3.2,3.353,11607,340093.619491
230,3.6036,2015-08-20,3.699,3.4601,3.4978,2820,87351.0600277
231,3.5697,2015-08-21,3.67,3.515,3.6105,2415,80754.785762
232,3.5383,2015-08-22,3.5815,3.41,3.5708,2121,51833.6378109
233,3.3824,2015-08-23,3.5499,3.3001,3.5107,2343,90899.7370464
234,3.051,2015-08-24,3.388,2.901,3.388,8745,263633.165463
235,2.96,2015-08-25,3.1606,2.405,3.051,19819,658336.323421
236,2.9488,2015-08-26,3.099,2.7,2.96,5995,306585.970706
237,2.89,2015-08-27,3.0099,2.84,2.9539,3206,84767.5101338
238,2.9,2015-08-28,2.9949,2.723,2.874,3571,149634.350586
239,2.893,2015-08-29,2.949,2.8026,2.9191,3813,84101.0730463
240,2.8565,2015-08-30,2.9398,2.7451,2.8924,3669,57815.8866269
241,2.848,2015-08-31,2.9178,2.78,2.8657,3088,68369.2630595
242,2.84,2015-09-01,2.9129,2.7853,2.85,8189,71345.835231
243,2.8058,2015-09-02,2.868,2.75,2.8355,5783,124336.05858
244,2.6482,2015-09-03,2.815,2.6058,2.8059,4500,123265.965004
245,2.7098,2015-09-04,2.7721,2.65,2.6511,2808,102085.27235
246,2.951,2015-09-05,3.1087,2.6611,2.7071,9651,138604.15867
247,3.0789,2015-09-06,3.239,2.93,2.951,7215,195271.394899
248,3.0597,2015-09-07,3.17,3.0,3.0792,5865,107994.015288
249,3.05,2015-09-08,3.159,3.0,3.0597,5213,96512.1681815
250,2.9424,2015-09-09,3.06,2.92,3.05,4074,91722.4329882
251,2.955,2015-09-10,3.0,2.9044,2.9505,1719,49347.0845332
252,2.965,2015-09-11,3.0119,2.937,2.96,1636,27718.6258822
253,2.8351,2015-09-12,2.978,2.801,2.972,2757,64157.2345
254,2.816,2015-09-13,2.8665,2.7456,2.835,2548,74410.9868768
255,2.8498,2015-09-14,2.8799,2.79,2.8161,2566,28460.4700184
256,2.8198,2015-09-15,2.87,2.8102,2.849,1583,15595.0555588
257,2.8148,2015-09-16,2.8609,2.7701,2.822,1593,19622.0348185
258,2.9337,2015-09-17,2.9588,2.7959,2.8148,2551,47910.5311851
259,2.9653,2015-09-18,3.04,2.9273,2.9337,2391,42656.6530425
260,2.884,2015-09-19,3.0002,2.871,2.972,1190,23873.758538
261,2.851,2015-09-20,2.8917,2.8255,2.884,450,13814.6540291
262,2.8096,2015-09-21,2.8782,2.7817,2.8592,613,23337.0529498
263,2.8536,2015-09-22,2.9246,2.801,2.81,1164,40245.7382603
264,2.86,2015-09-23,2.915,2.8312,2.8539,621,16419.0287672
265,2.9202,2015-09-24,2.98,2.8495,2.86,681,33253.3304087
266,2.902,2015-09-25,2.96,2.8698,2.9202,658,20457.2349435
267,2.8988,2015-09-26,2.9094,2.8664,2.895,297,8403.4373072
268,2.8748,2015-09-27,2.9018,2.8651,2.8986,296,7107.84404516
269,3.08,2015-09-28,3.1209,2.8753,2.8755,1532,86762.7960054
270,2.9839,2015-09-29,3.2,2.9516,3.08,2199,105276.6956
271,2.99,2015-09-30,3.045,2.9542,2.97,940,28727.7845259
272,3.0135,2015-10-01,3.0671,2.955,2.994,1547,62264.6216482
273,2.9929,2015-10-02,3.0374,2.9722,3.0135,774,20982.7421286
274,3.031,2015-10-03,3.0639,2.9831,2.9986,466,13021.1508245
275,3.0082,2015-10-04,3.0887,3.0067,3.0336,382,6565.18697143
276,3.0419,2015-10-05,3.045,3.0238,3.0401,66,5885.50096966
277,3.169,2015-10-06,3.1901,3.023,3.0419,1843,54992.3271628
278,3.0688,2015-10-07,3.2,3.0423,3.169,1608,85181.7559636
279,3.062,2015-10-08,3.0901,3.0419,3.06,618,6975.44863251
280,3.115,2015-10-09,3.1388,3.062,3.0736,841,16184.4024842
281,3.1141,2015-10-10,3.1749,3.086,3.115,632,32039.4661911
282,3.1583,2015-10-11,3.172,3.0901,3.129,823,13597.8943952
283,3.1675,2015-10-12,3.192,3.128,3.1583,768,28693.529807
284,3.197,2015-10-13,3.2243,3.1138,3.1458,1873,50022.042122
285,3.1649,2015-10-14,3.225,3.0501,3.1969,1311,46423.7890938
286,3.0907,2015-10-15,3.1793,3.0707,3.163,1015,30587.0046344
287,3.101,2015-10-16,3.16,3.08,3.0921,1233,34915.2717052
288,3.071,2015-10-17,3.1655,3.0031,3.1011,2178,105917.161151
289,3.0261,2015-10-18,3.0989,3.0,3.0737,3376,21108.3905451
290,3.0402,2015-10-19,3.0664,3.0055,3.03,602,14926.7908127
291,3.0797,2015-10-20,3.1,3.03,3.042,1012,36338.2398574
292,3.0787,2015-10-21,3.12,3.062,3.0751,653,8761.95787984
293,3.145,2015-10-22,3.2001,3.078,3.0912,1197,50635.8503541
294,3.1318,2015-10-23,3.1568,3.1105,3.1282,2146,19236.6454606
295,3.144,2015-10-24,3.1563,3.0892,3.1315,413,28207.2475148
296,3.1011,2015-10-25,3.17,3.1,3.1432,819,18349.3136671
297,3.1186,2015-10-26,3.1333,3.0713,3.109,274,14312.7646479
298,3.1055,2015-10-27,3.1452,3.085,3.1161,611,28458.3453298
299,3.0988,2015-10-28,3.1337,3.0675,3.1064,772,27699.6452849
300,3.7993,2015-10-29,3.9746,2.8,3.0986,6330,499226.472268
301,3.95,2015-10-30,4.193,3.6591,3.8191,6459,339861.500757
302,3.6891,2015-10-31,4.04,3.6213,3.9939,3427,130615.428352
303,3.89,2015-11-01,3.95,3.641,3.6527,1686,53733.9946573
304,4.1342,2015-11-02,4.282,3.831,3.884,3943,142849.579975
305,4.55,2015-11-03,4.87,4.0401,4.1587,10423,558197.446622
306,4.0,2015-11-04,5.3911,3.0,4.5777,13740,772963.921182
307,3.85,2015-11-05,4.443,3.5,4.0,7918,295720.320784
308,3.523,2015-11-06,3.8636,3.3,3.85,4224,169491.64344
309,3.532,2015-11-07,3.6517,3.5032,3.5182,1681,38364.5358022
310,3.3792,2015-11-08,3.627,3.3119,3.5667,1245,44418.8672901
311,3.4223,2015-11-09,3.5046,3.2105,3.38,2194,87841.7385048
312,3.0999,2015-11-10,3.48,3.0,3.41,3452,153408.706482
313,2.9854,2015-11-11,3.1299,2.901,3.0999,2807,105462.457771
314,3.3,2015-11-12,3.32,2.99,2.9908,2625,97003.6156582
315,3.2177,2015-11-13,3.32,3.1401,3.3001,1078,27236.3754217
316,3.2299,2015-11-14,3.26,3.1615,3.2181,466,11818.2455766
317,3.074,2015-11-15,3.2488,3.045,3.1932,926,32257.2148486
318,3.1974,2015-11-16,3.2395,3.05,3.0893,961,38113.2436039
319,3.226,2015-11-17,3.2687,3.17,3.1966,1069,23557.1690866
320,3.182,2015-11-18,3.24,3.1526,3.226,729,29290.9611137
321,3.14,2015-11-19,3.2389,3.1333,3.178,803,21143.2326842
322,3.131,2015-11-20,3.1577,3.045,3.14,1304,45366.1050398
323,3.156,2015-11-21,3.1847,3.1156,3.131,751,27334.1013106
324,3.1262,2015-11-22,3.165,3.12,3.1598,217,2803.33753117
325,3.154,2015-11-23,3.1759,3.11,3.1446,198,4857.58825745
326,3.1018,2015-11-24,3.1468,3.0933,3.1468,465,17256.4571683
327,3.376,2015-11-25,3.38,3.0838,3.1018,3486,88820.8415569
328,3.6444,2015-11-26,3.7666,3.3501,3.37,4619,236334.783585
329,3.605,2015-11-27,3.679,3.5325,3.642,1353,60599.9292758
330,3.546,2015-11-28,3.601,3.4654,3.601,1062,35847.4671595
331,3.7,2015-11-29,3.749,3.4824,3.5451,1398,60062.1741692
332,3.6255,2015-11-30,3.78,3.57,3.6905,2593,67641.6770928
333,3.4312,2015-12-01,3.6591,3.3526,3.6145,1983,67330.6719946
334,3.33,2015-12-02,3.437,3.2681,3.4202,1407,79940.1164445
335,3.3798,2015-12-03,3.4399,3.33,3.35,1107,25454.7763586
336,3.335,2015-12-04,3.3898,3.2961,3.3754,731,21849.2584393
337,3.528,2015-12-05,3.5822,3.35,3.3553,1213,50555.3017873
338,3.4399,2015-12-06,3.63,3.4054,3.5345,2018,75172.431088
339,3.634,2015-12-07,3.8489,3.419,3.4399,2074,114394.157973
340,3.8273,2015-12-08,3.83,3.5489,3.6381,1552,47127.6879485
341,3.6906,2015-12-09,3.81,3.5114,3.76,3378,160063.52734
342,3.653,2015-12-10,3.71,3.574,3.6909,2908,142536.054573
343,3.89,2015-12-11,3.9399,3.651,3.6639,3857,198613.216234
344,3.6,2015-12-12,4.35,3.49,3.89,6085,341058.78139
345,3.58,2015-12-13,3.6517,3.5343,3.6,943,23484.5050084
346,3.5879,2015-12-14,3.6499,3.5208,3.571,926,25639.5399314
347,3.7875,2015-12-15,3.84,3.5626,3.5879,3339,66949.3422692
348,3.6807,2015-12-16,3.7978,3.55,3.7875,1794,41143.7277205
349,3.695,2015-12-17,3.76,3.626,3.6807,813,19414.8899771
350,3.7201,2015-12-18,3.788,3.6791,3.695,2091,32883.3879326
351,3.6997,2015-12-19,3.761,3.6565,3.73,563,14698.5908029
352,3.5,2015-12-20,3.7,3.443,3.695,1097,43119.4151746
353,3.406,2015-12-21,3.525,3.4,3.489,704,33496.7491126
354,3.4085,2015-12-22,3.461,3.36,3.4376,269,10363.4231146
355,3.5601,2015-12-23,3.598,3.3704,3.3858,580,44117.7497071
356,3.6418,2015-12-24,3.6839,3.586,3.587,865,30436.6959491
357,3.6011,2015-12-25,3.657,3.57,3.6428,458,13651.4738242
358,3.445,2015-12-26,3.6218,3.3716,3.6106,1697,52180.3940568
359,3.4678,2015-12-27,3.5024,3.4021,3.4307,290,3211.80131016
360,3.464,2015-12-28,3.5314,3.4328,3.4678,355,7453.0144769
361,3.489,2015-12-29,3.5399,3.4198,3.459,409,7599.67366325
362,3.452,2015-12-30,3.5378,3.425,3.4894,396,11389.0025632
363,3.4401,2015-12-31,3.4999,3.38,3.452,376,20381.4779956
364,3.5189,2016-01-01,3.5225,3.4129,3.4686,677,9488.5666478
365,3.499,2016-01-02,3.5269,3.4403,3.5179,343,6814.51272547
366,3.4869,2016-01-03,3.5078,3.419,3.5078,460,14501.4725068
367,3.507,2016-01-04,3.5121,3.4516,3.4801,365,6478.70699339
368,3.489,2016-01-05,3.5084,3.4464,3.507,824,6149.03389824
369,3.45,2016-01-06,3.489,3.4257,3.489,266,1836.02673574
370,3.62,2016-01-07,3.6409,3.45,3.464,1543,43374.5816905
371,3.5919,2016-01-08,3.64,3.539,3.6108,953,14859.9667481
372,3.58,2016-01-09,3.5925,3.5302,3.5806,330,4276.35129451
373,3.535,2016-01-10,3.579,3.4721,3.5601,931,26111.5014382
374,3.5517,2016-01-11,3.5714,3.5024,3.5334,516,13705.5848535
375,3.4599,2016-01-12,3.5525,3.44,3.5525,600,19431.6342595
376,3.4719,2016-01-13,3.4772,3.37,3.4529,1304,69845.4500302
377,3.4334,2016-01-14,3.4782,3.4162,3.4516,172,3074.66548396
378,2.95,2016-01-15,3.4499,2.95,3.4499,2800,111120.465404
379,3.1,2016-01-16,3.1,2.9029,2.95,1479,46822.5488265
380,3.001,2016-01-17,3.1,2.9901,3.0997,456,13764.6049436
381,3.055,2016-01-18,3.0699,2.97,3.0198,371,28720.7581215
382,3.0099,2016-01-19,3.07,2.993,3.0618,443,12323.6378916
383,3.37,2016-01-20,3.44,2.9703,3.0099,1575,64556.8151596
384,3.2057,2016-01-21,3.4,3.1749,3.37,865,20921.0049644
385,3.0411,2016-01-22,3.2101,3.0102,3.2018,1054,22203.0030149
386,3.1075,2016-01-23,3.1758,3.0479,3.0479,729,9695.24404164
387,3.1847,2016-01-24,3.208,3.0512,3.0941,419,11077.118869
388,3.0947,2016-01-25,3.177,3.0925,3.1673,643,15080.7125671
389,3.4239,2016-02-20,3.4239,3.4239,3.4239,6,179.24399791
390,3.4742,2016-02-21,3.575,3.372,3.4339,1168,35264.8475614
391,3.4728,2016-02-22,3.5509,3.4,3.4458,506,6651.58803504
392,3.384,2016-02-23,3.54,3.3352,3.4796,753,19143.6419283
393,3.3567,2016-02-24,3.409,3.31,3.4086,331,7118.51357104
394,3.3635,2016-02-25,3.395,3.32,3.356,142,3550.13282237
395,3.4334,2016-02-26,3.4354,3.32,3.3588,307,6677.33868366
396,3.4112,2016-02-27,3.45,3.4,3.4265,132,2581.24433415
397,3.4197,2016-02-28,3.474,3.3391,3.41,517,15264.8407757
398,3.4489,2016-02-29,3.4985,3.3721,3.4299,392,11272.888083
399,3.435,2016-03-01,3.4443,3.3722,3.4408,177,5010.98815144
400,3.346,2016-03-02,3.4499,3.346,3.4389,368,10254.6562322
401,3.304,2016-03-03,3.3465,3.2731,3.346,498,10274.0391555
402,3.2254,2016-03-04,3.3398,3.2076,3.309,537,16642.0570915
403,3.1726,2016-03-05,3.2426,3.1103,3.219,1617,26903.8750868
404,3.1778,2016-03-06,3.2303,3.1311,3.1666,713,11194.4407629
405,3.241,2016-03-07,3.2637,3.1551,3.1765,553,14921.6866856
406,3.2179,2016-03-08,3.2658,3.203,3.243,203,2732.40707856
407,3.2541,2016-03-09,3.2841,3.2001,3.2064,433,7339.51727594
408,3.264,2016-03-10,3.297,3.2205,3.2531,504,2493.04650925
409,3.365,2016-03-11,3.4,3.2645,3.2645,1102,22879.0877118
410,3.2569,2016-03-12,3.3826,3.25,3.3575,599,11798.6969136
411,3.2803,2016-03-13,3.306,3.2552,3.2653,1071,9663.54434859
412,3.3039,2016-03-14,3.3129,3.2553,3.2803,313,4076.18098847
413,3.3114,2016-03-15,3.32,3.2581,3.3027,309,5114.06861857
414,3.313,2016-03-16,3.313,3.252,3.2786,291,4097.40721924
415,3.2924,2016-03-17,3.324,3.2589,3.2919,404,7598.55421706
416,3.1457,2016-03-18,3.2921,3.01,3.2921,2056,86884.3992188
417,3.1582,2016-03-19,3.1889,3.1221,3.155,681,6906.66511041
418,3.1694,2016-03-20,3.1973,3.1553,3.1596,681,10133.8354763
419,3.192,2016-03-21,3.197,3.1507,3.1718,363,2162.99394127
420,3.2132,2016-03-22,3.2389,3.1809,3.1885,381,3931.23960771
421,3.226,2016-03-23,3.239,3.1891,3.2319,396,7331.89930375
422,3.2187,2016-03-24,3.23,3.1958,3.226,184,3741.65378709
423,3.2075,2016-03-25,3.2299,3.1885,3.2152,246,10814.6504124
424,3.2372,2016-03-26,3.2389,3.2101,3.2211,67,1482.97828811
425,3.296,2016-03-27,3.3314,3.206,3.2323,660,20965.0149739
426,3.27,2016-03-28,3.3029,3.26,3.3,315,5189.46101796
427,3.228,2016-03-29,3.279,3.1787,3.2672,485,8740.5881265
428,3.2096,2016-03-30,3.2375,3.16,3.2187,486,13635.969158
429,3.254,2016-03-31,3.2635,3.2162,3.2282,520,6519.56596359
430,3.2416,2016-04-01,3.2572,3.219,3.254,322,5680.89992305
431,3.2582,2016-04-02,3.2897,3.2417,3.2417,391,1554.86735381
432,3.2443,2016-04-03,3.2793,3.2384,3.273,106,1753.30089873
433,3.245,2016-04-04,3.27,3.201,3.2604,369,7258.0867873
434,3.2687,2016-04-05,3.276,3.2251,3.2251,40,1328.13887943
435,3.2467,2016-04-06,3.2737,3.245,3.2551,34,1725.42645981
436,3.2305,2016-04-07,3.252,3.225,3.2452,132,3134.48312611
437,3.2324,2016-04-08,3.263,3.21,3.2354,209,1864.27163248
438,3.2302,2016-04-09,3.2333,3.2,3.212,91,1984.10878682
439,3.233,2016-04-10,3.251,3.2098,3.2271,171,1792.77199551
440,3.234,2016-04-11,3.2687,3.2209,3.243,78,1901.73476765
441,3.2625,2016-04-12,3.3,3.2464,3.249,340,5291.88079692
442,3.2693,2016-04-13,3.2956,3.2479,3.2701,217,2249.64630745
443,3.26,2016-04-14,3.2785,3.2447,3.2541,278,3035.1509728
444,3.2952,2016-04-15,3.324,3.2536,3.26,410,4131.8299727
445,3.3104,2016-04-16,3.3196,3.29,3.3083,85,4417.47985212
446,3.2849,2016-04-17,3.3046,3.2586,3.2907,162,1702.49914279
447,3.2511,2016-04-18,3.2849,3.2511,3.2849,19,2025.86814319
448,3.3199,2016-04-19,3.32,3.2401,3.26,197,5125.30957339
449,3.3,2016-04-20,3.327,3.2634,3.305,667,15866.4387717
450,3.375,2016-04-21,3.3978,3.3,3.3007,544,18512.5975798
451,3.356,2016-04-22,3.4,3.3219,3.378,426,14190.6837081
452,3.3698,2016-04-23,3.3899,3.3217,3.356,410,16772.1981108
453,3.6711,2016-04-24,3.7,3.3678,3.3698,1829,56269.0749758
454,3.83,2016-04-25,3.9278,3.5737,3.6806,2640,100577.417834
455,4.0837,2016-04-26,4.1591,3.8128,3.835,3686,191785.338496
456,3.8931,2016-04-27,4.2948,3.823,4.0791,3956,273607.336823
457,3.8298,2016-04-28,3.955,3.701,3.868,2165,114960.979932
458,3.8207,2016-04-29,3.88,3.7222,3.8102,889,47710.2814843
459,3.67,2016-04-30,3.8524,3.647,3.8207,1174,61296.7056218
460,3.6969,2016-05-01,3.749,3.647,3.67,540,24361.2918486
461,3.6743,2016-05-02,3.8106,3.6198,3.71,1320,54011.9060935
462,3.734,2016-05-03,3.7707,3.615,3.6743,726,37902.844475
463,3.7333,2016-05-04,3.7799,3.7022,3.7349,149,4263.13754203
464,3.7203,2016-05-05,3.7893,3.72,3.7333,295,9545.54842328
465,3.8452,2016-05-06,3.87,3.7031,3.7227,956,17834.06771
466,3.98,2016-05-07,4.033,3.8451,3.8684,643,44449.0296967
467,3.966,2016-05-08,3.988,3.9055,3.9801,422,12698.6589369
468,4.08,2016-05-09,4.1339,3.9125,3.9501,792,27131.5645363
469,3.8398,2016-05-10,4.18,3.7826,4.08,1205,65432.1696222
470,3.8807,2016-05-11,3.9397,3.829,3.8428,341,18655.3150961
471,3.859,2016-05-12,3.899,3.7851,3.8792,297,16024.5254081
472,3.9351,2016-05-13,3.9725,3.8353,3.8577,392,17081.6599935
473,4.0181,2016-05-14,4.0661,3.9342,3.9342,522,26195.1296482
474,4.0707,2016-05-15,4.1258,3.96,4.029,413,22125.8885869
475,4.007,2016-05-16,4.2241,3.95,4.0617,1073,62188.7359912
476,3.9669,2016-05-17,4.0506,3.9612,4.0102,442,27700.5527865
477,4.0212,2016-05-18,4.0535,3.9623,3.9715,404,16423.3398567
478,3.7989,2016-05-19,4.0517,3.7352,4.0022,1608,80789.4105535
479,3.87,2016-05-20,3.9296,3.7,3.7922,1334,88776.1271722
480,3.9353,2016-05-21,3.9718,3.821,3.8569,603,19941.693981
481,3.8383,2016-05-22,3.9762,3.8383,3.9353,494,37505.6204779
482,3.958,2016-05-23,3.958,3.8313,3.8739,786,41654.8114374
483,3.95,2016-05-24,3.9942,3.935,3.95,484,9836.6039942
484,4.0456,2016-05-25,4.065,3.95,3.95,572,51248.9907097
485,4.1025,2016-05-26,4.1536,3.9851,4.0482,718,54883.6781542
486,4.4453,2016-05-27,4.6841,4.0827,4.1025,5553,237955.677645
487,4.487,2016-05-28,4.835,4.4433,4.4529,2549,156781.671321
488,4.7503,2016-05-29,4.8613,4.7046,4.76,186,8558.86655769
489,4.59,2016-05-31,4.6753,4.5,4.619,772,43493.268049
490,4.76,2016-06-01,4.8,4.5525,4.6001,716,36677.6037524
491,4.7162,2016-06-02,4.77,4.6721,4.7518,384,21940.7051238
492,4.8967,2016-06-03,4.9,4.6761,4.7152,1712,43526.8379092
493,4.82,2016-06-04,4.9723,4.7509,4.8967,1156,57660.4616272
494,4.8632,2016-06-05,4.8839,4.752,4.82,387,20922.8131251
495,4.979,2016-06-06,4.9801,4.7984,4.8489,939,40683.6190294
496,4.7738,2016-06-07,4.991,4.6886,4.9521,970,45915.6420702
497,4.821,2016-06-08,4.8282,4.7,4.801,337,23345.5683901
498,4.767,2016-06-09,4.805,4.6635,4.805,331,9987.85870514
499,4.8969,2016-06-10,4.9148,4.7124,4.7649,431,19659.913383
500,5.0993,2016-06-11,5.0993,4.89,4.8969,704,19247.8631825
501,5.25,2016-06-12,5.4,5.0,5.0703,4080,163641.823084
502,5.2789,2016-06-13,5.5287,4.553,5.25,4916,248695.665126
503,5.136,2016-06-14,5.3056,4.9335,5.2799,5383,294178.967014
504,5.2588,2016-06-15,5.26,4.9915,5.15,2857,174464.724496
505,5.695,2016-06-16,5.695,5.2588,5.2588,4592,159773.17663
506,5.6492,2016-06-17,5.99,5.0526,5.6952,7990,220028.513501
507,5.578,2016-06-18,5.7998,5.3545,5.5631,2316,95681.6617988
508,5.6031,2016-06-19,5.6365,5.4852,5.577,1006,20914.2118488
509,5.381,2016-06-20,5.602,5.2022,5.602,2265,53997.4777981
510,4.8546,2016-06-21,5.3492,4.5315,5.3492,2287,104634.931313
511,4.0007,2016-06-22,4.9773,3.7128,4.8561,6552,247473.258444
512,3.888,2016-06-23,4.025,3.51,4.0,4305,157396.713572
513,4.2775,2016-06-24,4.3999,3.8862,3.9145,3658,101055.921535
514,4.243,2016-06-25,4.486,3.91,4.2833,2120,69610.7203292
515,4.0731,2016-06-26,4.2696,3.9215,4.2319,878,26631.2166308
516,4.175,2016-06-27,4.1786,4.0291,4.0588,680,15357.1886976
517,4.1299,2016-06-28,4.1955,4.0131,4.1887,478,15687.5322967
518,4.0599,2016-06-29,4.1171,4.0,4.0873,295,11026.2667565
519,4.2091,2016-06-30,4.3026,4.0239,4.0599,639,27396.8790723
520,4.2663,2016-07-01,4.3877,4.1792,4.2091,872,28585.7918239
521,4.6532,2016-07-02,4.6695,4.2667,4.2667,1140,61379.3930106
522,4.2809,2016-07-03,4.6578,4.1503,4.6532,1591,69408.3338924
523,4.5046,2016-07-04,4.563,4.1789,4.2534,1115,44792.3463157
524,4.4219,2016-07-05,4.55,4.3433,4.5165,852,36505.3522383
525,4.4799,2016-07-06,4.4863,4.4021,4.434,359,5566.14036868
526,4.102,2016-07-07,4.518,3.915,4.4799,2092,74804.2087008
527,4.25,2016-07-08,4.25,4.0562,4.1369,759,21987.1803411
528,4.1036,2016-07-09,4.2294,3.97,4.2117,604,27242.9703648
529,4.138,2016-07-10,4.1586,4.0621,4.1188,215,4703.71663934
530,4.1274,2016-07-11,4.2131,4.0631,4.1166,266,8692.12153114
531,4.1843,2016-07-12,4.2494,4.0824,4.112,638,29529.6544599
532,4.1734,2016-07-13,4.2425,4.15,4.18,305,6627.50622682
533,4.1701,2016-07-14,4.2,4.1258,4.15,237,4458.09198629
534,4.19,2016-07-15,4.1999,4.1472,4.1959,186,3451.11999009
535,4.16,2016-07-16,4.2093,4.1115,4.1613,207,9827.77210379
536,4.1928,2016-07-17,4.2852,4.152,4.16,366,6663.47273631
537,4.1521,2016-07-18,4.2377,4.1521,4.2187,226,6745.15128201
538,4.19,2016-07-19,4.1974,4.147,4.1967,282,3456.86855072
539,4.1574,2016-07-20,4.18,4.1082,4.16,329,10962.2607586
540,4.114,2016-07-21,4.1513,4.0841,4.1302,557,11365.3361977
541,4.036,2016-07-22,4.1641,3.9617,4.1181,1354,32762.9420021
542,4.0596,2016-07-23,4.0628,4.014,4.0358,354,2392.81807539
543,4.0933,2016-07-24,4.1094,4.0084,4.041,762,25879.7606213
544,4.0102,2016-07-25,4.0922,3.9998,4.085,414,14050.484038
545,3.98,2016-07-26,4.0559,3.9008,4.0457,1133,31390.3975215
546,3.9536,2016-07-27,4.0079,3.9258,3.97,655,3286.85785422
547,3.993,2016-07-28,4.014,3.9517,3.9633,1119,5450.15738923
548,4.0767,2016-07-29,4.1148,3.9553,3.966,692,9329.24399672
549,4.0551,2016-07-30,4.115,4.02,4.0985,360,18253.1274753
550,3.942,2016-07-31,4.08,3.9,4.0786,693,20563.3421446
551,3.8534,2016-08-01,3.9599,3.8519,3.9315,1119,43150.0548191
552,3.7332,2016-08-02,3.9106,3.7,3.8837,915,27222.869787
553,3.56,2016-08-10,3.88,3.5491,3.75,392,54609.3118791
554,3.746,2016-08-11,3.746,3.46,3.56,608,51684.6898479
555,3.66,2016-08-12,3.77,3.61,3.74,804,41162.9169862
556,3.69,2016-08-13,3.75,3.5791,3.66,1464,64668.461632
557,3.63,2016-08-14,3.7058,3.5829,3.69,556,17362.5482398
558,3.53,2016-08-15,3.65,3.49,3.63,1002,78055.5773137
559,3.6,2016-08-16,3.63,3.5195,3.53,844,22757.5305228
560,3.5702,2016-08-17,3.61,3.56,3.594,684,26543.1001482
561,3.5907,2016-08-18,3.639,3.57,3.59,220,15358.3567658
562,3.6226,2016-08-19,3.6241,3.57,3.5907,40,801.51745824
563,3.6239,2016-08-20,3.6295,3.579,3.5901,28,571.92458016
564,3.6257,2016-08-21,3.6348,3.5996,3.6219,48,692.78951477
565,3.672,2016-08-22,3.687,3.5996,3.6297,107,2255.57831004
566,3.95,2016-08-23,4.02,3.67,3.6788,1440,24637.5626693
567,3.8414,2016-08-24,3.9685,3.8414,3.95,600,8167.18980589
568,3.8159,2016-08-25,3.8688,3.7683,3.8501,188,3152.91159556
569,3.84,2016-08-26,3.8596,3.775,3.8159,65,1090.06570349
570,3.7586,2016-08-27,3.848,3.7103,3.84,109,3040.57329734
571,3.7645,2016-08-28,3.7808,3.708,3.7301,60,2202.28642771
572,3.776,2016-08-29,3.8085,3.746,3.781,116,2532.51094384
573,3.803,2016-08-30,3.85,3.74,3.7699,149,5607.83558994
574,3.8107,2016-08-31,3.817,3.7771,3.803,49,963.50039373
575,3.8262,2016-09-01,3.866,3.799,3.8,66,1639.84332999
576,3.8048,2016-09-02,3.855,3.8,3.835,72,3757.86478126
577,3.9154,2016-09-03,3.9863,3.8132,3.8217,223,5683.13813636
578,4.0101,2016-09-04,4.108,3.9095,3.945,285,18293.5175871
579,3.9781,2016-09-05,4.0969,3.964,4.0389,363,13601.7643434
580,3.97,2016-09-06,4.0199,3.9295,4.005,183,9208.98147874
581,4.0051,2016-09-07,4.007,3.9211,3.97,187,4853.81285973
582,4.0289,2016-09-08,4.0599,3.9753,4.0043,202,7514.0133034
583,3.9789,2016-09-09,4.04,3.9573,4.0285,121,4190.18154967
584,4.0199,2016-09-10,4.0221,3.98,4.003,19,282.86003979
585,3.8977,2016-09-11,4.0193,3.873,4.0011,281,8146.60675915
586,3.8569,2016-09-12,3.8992,3.7274,3.8896,117,6542.24297621
587,3.845,2016-09-13,3.8799,3.81,3.818,34,934.53735263
588,3.9017,2016-09-14,3.9017,3.85,3.878,35,637.95496284
589,3.86,2016-09-15,3.887,3.85,3.85,92,1568.74267989
590,3.83,2016-09-16,3.8833,3.825,3.8361,198,1676.52466836
591,3.811,2016-09-17,3.83,3.8025,3.83,22,219.32199081
592,3.8334,2016-09-18,3.85,3.8066,3.81,30,516.03297933
593,3.837,2016-09-19,3.8758,3.837,3.85,48,2225.84282999
594,3.7948,2016-09-20,3.8587,3.7948,3.8301,116,2052.38950526
595,3.8011,2016-09-21,3.81,3.7151,3.793,605,26792.0150958
596,3.7506,2016-09-22,3.7875,3.7501,3.78,36,794.23777133
597,3.808,2016-09-23,3.827,3.7501,3.7501,82,2211.79927605
598,3.8234,2016-09-24,3.8609,3.8054,3.8054,12,1142.53170267
599,3.8,2016-09-25,3.834,3.8,3.82,20,1273.6864627
600,3.8582,2016-09-26,3.8881,3.8254,3.826,21,453.51886827
601,3.836,2016-09-27,3.8956,3.836,3.8541,44,634.31192521
602,3.857,2016-09-28,3.8771,3.8269,3.8771,21,433.66443913
603,3.8529,2016-09-29,3.8687,3.8291,3.8622,62,3255.91782753
604,3.8486,2016-09-30,3.8489,3.8175,3.83,22,1348.56372832
605,3.85,2016-10-01,3.8688,3.8378,3.8378,8,54.0145
606,3.8491,2016-10-02,3.854,3.814,3.8521,37,795.26595562
607,3.8165,2016-10-03,3.8555,3.8121,3.8443,19,807.6792658
608,3.8142,2016-10-04,3.8633,3.8051,3.8342,20,438.86325706
609,3.83,2016-10-05,3.86,3.83,3.841,26,960.60346854
610,3.8478,2016-10-06,3.8554,3.8165,3.833,39,611.72609196
611,3.8649,2016-10-07,3.8857,3.8463,3.8463,56,3318.65912417
612,3.8295,2016-10-08,3.8888,3.8254,3.8721,46,3468.25199509
613,3.7866,2016-10-09,3.8479,3.7604,3.82,59,1608.41690477
614,3.784,2016-10-10,3.859,3.7685,3.8216,42,1677.10415384
615,3.8304,2016-10-11,3.8554,3.7714,3.8147,104,5671.26300769
616,3.81,2016-10-12,3.8438,3.7786,3.8438,59,3339.44692826
617,3.9329,2016-10-13,3.95,3.8091,3.823,152,4535.81905093
618,3.9228,2016-10-14,3.9294,3.8905,3.912,80,2583.17806985
619,3.892,2016-10-15,3.925,3.889,3.9111,34,443.31661623
620,3.881,2016-10-16,3.915,3.8511,3.9097,39,1889.67040363
621,3.8365,2016-10-17,3.9282,3.8178,3.915,172,8510.69711976
622,3.8272,2016-10-18,3.8883,3.8251,3.8401,19,1089.57485063
623,3.8157,2016-10-19,3.8623,3.7853,3.8623,67,2644.81243808
624,3.789,2016-10-20,3.8157,3.7803,3.8157,13,845.24105553
625,3.8569,2016-10-21,3.8569,3.7875,3.815,79,1362.1545429
626,3.918,2016-10-22,3.9995,3.8558,3.8558,204,3710.87978275
627,3.8997,2016-10-23,3.9459,3.8997,3.918,59,1707.48947193
628,3.881,2016-10-24,3.9399,3.881,3.9,49,4000.36527427
629,3.916,2016-10-25,3.933,3.7987,3.881,97,3708.86611779
630,3.9885,2016-10-26,3.995,3.8809,3.9158,136,2843.2690854
631,3.992,2016-10-27,4.08,3.9521,3.9885,274,17945.6508685
632,3.9947,2016-10-28,4.0109,3.8912,3.992,191,9476.47006432
633,4.0898,2016-10-29,4.105,3.9734,3.9943,544,23164.4205073
634,4.03,2016-10-30,4.08,4.0106,4.08,143,5792.7888267
635,4.0,2016-10-31,4.05,4.0,4.03,299,7896.98929014
636,4.11,2016-11-01,4.2,4.0,4.0,729,23574.5670508
637,4.1449,2016-11-02,4.1562,4.0567,4.11,249,10730.8807323
638,3.8601,2016-11-03,4.205,3.8206,4.16,450,21829.2562823
639,3.8979,2016-11-04,3.9189,3.8201,3.8901,180,4422.63482724
640,3.9138,2016-11-05,3.919,3.87,3.919,71,1143.34988939
641,3.9184,2016-11-06,3.9329,3.8554,3.9162,67,897.94608187
642,3.887,2016-11-07,3.9063,3.855,3.9063,13,123.08730382
643,3.8635,2016-11-08,3.88,3.8318,3.85,24,119.46391989
644,3.853,2016-11-09,3.9889,3.842,3.8421,169,2130.80765923
645,3.8192,2016-11-10,3.8842,3.806,3.853,66,932.33362243
646,3.8057,2016-11-11,3.8387,3.8028,3.8377,23,249.05511812
647,3.7754,2016-11-12,3.834,3.7251,3.8087,541,8760.90657038
648,3.883,2016-11-13,3.9349,3.586,3.75,311,12947.9196075
649,3.8997,2016-11-14,3.92,3.842,3.872,53,774.19889883
650,3.9031,2016-11-15,3.9652,3.8531,3.89,191,10423.5056404
651,3.94,2016-11-16,4.0,3.8715,3.8893,185,5667.98577218
652,3.8979,2016-11-17,4.0094,3.8691,3.9499,152,2669.73316221
653,3.909,2016-11-18,3.97,3.8983,3.8983,59,1320.95271904
654,3.9569,2016-11-19,3.9686,3.9005,3.9217,70,1463.63561326
655,3.89,2016-11-20,3.98,3.8501,3.957,151,4469.73044662
656,3.9476,2016-11-21,3.9476,3.8795,3.9198,26,402.32744009
657,3.8991,2016-11-22,3.962,3.8685,3.911,84,1416.18837636
658,3.8609,2016-11-23,3.9262,3.8353,3.898,81,1411.39888827
659,3.8997,2016-11-24,3.91,3.8013,3.88,114,2264.40943861
660,3.8908,2016-11-25,3.8985,3.8511,3.8683,73,1170.80230732
661,3.8231,2016-11-27,3.8773,3.8231,3.8699,26,347.48513814
662,3.873,2016-11-28,3.8839,3.8294,3.8483,96,2200.49566092
663,3.8252,2016-11-29,3.8826,3.7736,3.8496,153,4758.96728935
664,3.8809,2016-11-30,3.8824,3.7981,3.8268,71,1133.87820176
665,3.8777,2016-12-01,3.9048,3.83,3.8809,93,4256.50042813
666,3.9,2016-12-02,3.952,3.8901,3.9,237,6459.43735017
667,3.91,2016-12-03,3.9329,3.8862,3.9222,37,436.03458238
668,3.9056,2016-12-04,3.9192,3.8713,3.904,42,186.42919627
669,3.4783,2016-12-05,3.9095,3.0,3.9095,1937,44214.920408
670,3.52,2016-12-06,3.5364,3.4353,3.4487,275,4342.53615185
671,3.6601,2016-12-07,3.6651,3.4635,3.52,102,3783.45953918
672,3.68,2016-12-08,3.744,3.6501,3.6582,159,4372.25958798
673,3.6987,2016-12-09,3.7101,3.6503,3.6799,47,681.48720184
674,3.6823,2016-12-10,3.7,3.6305,3.7,56,1435.69813946
675,3.633,2016-12-11,3.6822,3.6046,3.6509,124,2936.0422642
676,3.6386,2016-12-12,3.704,3.5055,3.6438,142,11661.033969
677,3.653,2016-12-13,3.67,3.6047,3.6587,47,633.62400664
678,3.6021,2016-12-14,3.6592,3.5789,3.6289,73,2664.26244154
679,3.65,2016-12-15,3.6752,3.5844,3.6179,83,1829.53919774
680,3.6,2016-12-16,3.65,3.6,3.65,40,1167.81084317
681,3.7195,2016-12-17,3.72,3.607,3.6202,123,1685.98042425
682,3.672,2016-12-18,3.7197,3.6685,3.7197,63,2105.05992291
683,3.6493,2016-12-19,3.6887,3.6296,3.6721,97,1175.96651846
684,3.656,2016-12-20,3.6599,3.6318,3.6425,32,329.64556112
685,3.632,2016-12-21,3.7,3.6023,3.6427,235,3712.30105737
686,3.6742,2016-12-22,3.7379,3.6175,3.6416,330,4827.70400425
687,4.6161,2016-12-23,4.6199,3.6044,3.708,2639,121823.195052
688,4.431,2016-12-24,4.684,4.31,4.5975,1264,36797.1309798
689,4.2991,2016-12-25,4.4451,4.1,4.4286,979,43371.2431794
690,4.257,2016-12-26,4.4085,4.1425,4.2996,486,23663.6837194
691,4.3633,2016-12-27,4.4946,4.2413,4.2692,669,24107.5002923
692,4.5976,2016-12-28,4.6383,4.3965,4.3977,1328,36018.4247409
693,4.59,2016-12-29,4.615,4.4431,4.5463,1461,57328.6339756
694,4.4135,2016-12-30,4.581,4.25,4.5582,1127,47526.6721135
695,4.3635,2016-12-31,4.4786,4.2738,4.4063,242,1850.59017047
696,4.4997,2017-01-01,4.5401,4.3457,4.3636,417,9808.92662747
697,4.58,2017-01-02,4.74,4.4486,4.5,1167,41657.1996935
698,4.593,2017-01-03,4.6665,4.4505,4.5868,735,18819.8022164
699,4.59,2017-01-04,4.7222,4.4297,4.5995,1537,41933.9182383
700,4.2127,2017-01-05,4.721,4.1,4.642,3659,99042.5931985
701,3.84,2017-01-06,4.2892,3.799,4.2525,2587,70212.9870174
702,3.963,2017-01-07,3.9999,3.629,3.8676,899,18895.9458562
703,4.02,2017-01-08,4.04,3.92,3.9744,634,14907.9610313
704,4.34,2017-01-09,4.44,3.8926,4.0,1576,50329.933977
705,4.574,2017-01-10,4.659,4.3015,4.34,1577,43285.428178
706,3.9443,2017-01-11,4.619,3.7623,4.5866,5039,137443.898451
707,4.0001,2017-01-12,4.1,3.8067,3.927,1572,23783.5329653
708,3.9262,2017-01-13,4.0389,3.86,4.0001,1491,19287.014498
709,3.9466,2017-01-14,3.9952,3.86,3.9448,776,12920.4311233
710,3.9135,2017-01-15,3.9506,3.8193,3.9466,433,4198.45431041
711,3.8927,2017-01-16,3.939,3.8255,3.9125,328,3162.80501539
712,3.95,2017-01-17,4.0199,3.8401,3.8515,1105,25498.7164173
713,3.8949,2017-01-18,3.958,3.7949,3.95,711,13869.3823597
714,3.907,2017-01-19,3.9499,3.8053,3.895,447,13266.2443208
715,3.9098,2017-01-20,3.938,3.8601,3.899,215,6897.6121026
716,3.9208,2017-01-21,3.9533,3.88,3.9009,152,2736.62997681
717,3.85,2017-01-22,3.9259,3.8,3.9237,213,6736.3817326
718,3.8246,2017-01-23,3.8621,3.7809,3.8462,220,8285.10216352
719,3.733,2017-01-24,3.8636,3.7322,3.802,697,9778.27979271
720,3.711,2017-01-25,3.772,3.665,3.7491,194,5824.2258164
721,3.7425,2017-01-26,3.7425,3.7425,3.7425,1,4.088137
722,4.0382,2017-01-30,4.0382,4.0382,4.0382,3,55.626909
723,4.0649,2017-01-31,4.0665,4.0649,4.0665,4,250.95
724,4.0352,2017-02-01,4.0352,4.0227,4.0227,4,9.3421
725,4.0283,2017-02-03,4.0284,4.0283,4.0284,2,243.35472711
726,3.9701,2017-02-04,4.0,3.9621,3.9774,42,1743.32253523
727,3.9403,2017-02-06,3.9403,3.9403,3.9403,1,2.60649138
728,3.958,2017-02-07,4.002,3.9564,3.9653,50,2171.02434475
729,3.9208,2017-02-08,4.01,3.8602,3.9932,638,12828.1377259
730,3.737,2017-02-09,3.9899,3.61,3.9312,2240,82576.5904377
731,3.8296,2017-02-10,3.8299,3.6494,3.737,1080,35274.4438885
732,3.8153,2017-02-11,3.8299,3.7701,3.8192,214,4802.45570041
733,3.7394,2017-02-12,3.8085,3.7394,3.782,238,8220.63840765
734,3.7698,2017-02-13,3.7767,3.701,3.7487,171,7573.55105223
735,3.83,2017-02-14,3.842,3.7215,3.7415,280,10596.2491513
736,3.8933,2017-02-15,3.905,3.8043,3.84,250,11986.2423868
737,3.8831,2017-02-16,3.94,3.8524,3.8645,256,14135.3844688
738,3.8961,2017-02-17,3.9297,3.84,3.9016,448,15251.0179031
739,3.8139,2017-02-18,3.9295,3.8139,3.89,290,21289.4141867
740,3.8,2017-02-19,3.8433,3.7528,3.8433,613,25566.2747835
741,3.8086,2017-02-20,3.8569,3.7514,3.7718,749,31366.1242577
742,3.8566,2017-02-21,3.886,3.7835,3.795,694,13978.1083559
743,3.9009,2017-02-22,3.92,3.8272,3.8573,220,15416.1993438
744,3.9057,2017-02-23,3.961,3.8608,3.8971,1587,21197.585499
745,3.9488,2017-02-24,3.98,3.8087,3.9353,1092,29479.4370704
746,3.8801,2017-02-25,3.9687,3.88,3.951,300,8369.32948745
747,3.8747,2017-02-26,3.9294,3.819,3.9102,564,22495.3021239
748,3.8728,2017-02-27,3.9012,3.83,3.8761,646,13762.654948
749,3.8061,2017-02-28,3.8995,3.787,3.8901,537,11986.0930071
750,3.851,2017-03-01,3.9325,3.778,3.7806,824,17491.0751532
751,4.0601,2017-03-02,4.27,3.8169,3.8875,2988,136974.317118
752,4.1105,2017-03-03,4.1386,4.0,4.0083,863,34656.0428078
753,4.0,2017-03-04,4.0999,3.9431,4.0999,341,15712.8344516
754,4.0137,2017-03-05,4.0195,3.9529,3.98,179,4126.46952619
755,4.1003,2017-03-06,4.1004,3.9812,4.014,311,18125.2069145
756,4.0063,2017-03-07,4.101,3.9173,4.1002,485,22069.2093997
757,3.8669,2017-03-08,3.9898,3.8197,3.962,674,19479.0745316
758,3.8734,2017-03-09,3.9613,3.8359,3.8678,573,15689.6346394
759,3.8109,2017-03-10,4.0963,3.735,3.9149,2409,123884.893352
760,3.806,2017-03-11,3.8875,3.7404,3.78,373,15497.8486982
761,3.8701,2017-03-12,3.9199,3.7794,3.79,469,23587.4597136
762,4.3739,2017-03-13,4.47,3.8152,3.868,2024,111223.36744
763,4.1707,2017-03-14,4.3899,4.112,4.37,1015,51845.262818
764,4.3061,2017-03-15,4.3798,4.112,4.1987,717,38930.9617483
765,4.2982,2017-03-16,4.559,4.2,4.296,3154,158243.140365
766,4.1,2017-03-17,4.3522,4.015,4.3521,2266,107488.172334
767,4.0049,2017-03-18,4.3,3.7794,4.1001,3007,170091.495572
768,3.9371,2017-03-19,4.115,3.886,4.0049,2151,77181.3691676
769,4.0584,2017-03-20,4.06,3.8409,3.9372,844,31185.9527417
770,4.0173,2017-03-21,4.0776,3.9601,4.0585,995,70127.3004033
771,3.9546,2017-03-22,4.0174,3.811,4.0173,1529,82914.343782
772,4.0076,2017-03-23,4.0399,3.8979,3.9584,555,18255.1897051
773,4.1403,2017-03-24,4.34,3.9171,4.03,3548,211413.731762
774,4.0817,2017-03-25,4.2099,3.97,4.1511,1541,98222.0696644
775,4.0862,2017-03-26,4.1499,4.0,4.0897,520,26832.8907148
776,4.1263,2017-03-27,4.188,4.0301,4.065,953,53601.6720065
777,4.1837,2017-03-28,4.2195,4.0634,4.0724,638,27096.4194797
778,4.306,2017-03-29,4.3762,4.135,4.183,1288,78929.8303211
779,7.78,2017-03-30,7.9,4.2701,4.3186,21939,1536350.99497
780,7.13,2017-03-31,7.84,6.001,7.8,11870,740034.170458
781,7.5874,2017-04-01,7.75,6.5463,7.0901,6894,426697.550265
782,8.333,2017-04-02,8.6374,7.13,7.541,11841,784049.295498
783,8.6,2017-04-03,9.4889,7.6013,8.333,12473,784091.91512
784,9.095,2017-04-04,9.45,8.121,8.6244,13825,750311.083143
785,12.4,2017-04-05,12.75,8.725,9.0251,22760,1538144.51715
786,10.854,2017-04-06,12.6,10.21,12.4,25262,1319642.95986
787,10.014,2017-04-07,11.3,9.54,10.849,24078,676733.944229
788,10.732,2017-04-08,11.313,10.0,10.052,16917,344457.368862
789,9.35,2017-04-09,10.99,9.0,10.798,16610,623700.716865
790,9.9251,2017-04-10,10.3,9.01,9.35,14759,361082.583592
791,9.7771,2017-04-11,10.405,9.5,9.9251,9001,225477.380788
792,11.79,2017-04-12,12.318,9.758,9.7886,19226,842861.525899
793,11.234,2017-04-13,11.885,10.694,11.79,9965,268329.620368
794,11.915,2017-04-14,12.199,11.183,11.234,9133,275633.864586
795,11.848,2017-04-15,12.38,11.243,11.92,7493,304417.517297
796,12.05,2017-04-16,12.2,11.69,11.807,3287,125466.36677
797,11.66,2017-04-17,12.87,11.51,12.015,17117,644502.371416
798,11.521,2017-04-18,11.972,10.98,11.671,12746,398070.487941
799,10.608,2017-04-19,11.6,10.51,11.53,11795,227140.618217
800,11.592,2017-04-20,11.99,10.521,10.608,10182,192240.826593
801,12.851,2017-04-21,13.3,11.437,11.595,17845,437800.48591
802,15.411,2017-04-22,15.49,12.68,12.851,29378,779158.290703
803,16.689,2017-04-23,17.361,15.23,15.41,26728,720057.788995
804,16.2,2017-04-24,16.7,15.31,16.619,17644,336543.261913
805,16.642,2017-04-25,16.833,15.45,16.2,18416,244602.629761
806,16.242,2017-04-26,17.283,15.927,16.606,21477,418376.250002
807,16.022,2017-04-27,16.37,14.23,16.249,19258,386297.138262
808,15.498,2017-04-28,16.069,15.104,16.013,12233,167126.312621
809,16.988,2017-04-29,17.031,15.354,15.488,11300,205203.538561
810,16.84,2017-04-30,17.509,16.551,16.985,12507,198961.89532
811,17.298,2017-05-01,17.68,16.154,16.837,15901,282923.47548
812,17.2,2017-05-02,17.65,16.499,17.3,11579,123963.887211
813,23.001,2017-05-03,24.4,17.05,17.191,36834,986445.78419
814,24.941,2017-05-04,26.977,21.699,23.0,35224,920941.859367
815,26.213,2017-05-05,28.729,24.0,24.848,28233,676607.140417
816,28.674,2017-05-06,28.999,26.09,26.252,13327,322111.565171
817,30.696,2017-05-07,32.832,28.445,28.659,20317,493655.983339
818,28.706,2017-05-08,31.006,28.0,30.663,17694,352862.249674
819,34.0,2017-05-09,34.7,23.704,28.706,37806,845593.107406
820,32.335,2017-05-10,39.111,30.365,34.0,35982,914033.5865
821,31.0,2017-05-11,34.9,28.33,32.263,24648,343221.308394
822,27.801,2017-05-12,31.9,27.55,31.07,19057,307595.193631
823,29.399,2017-05-13,29.409,25.99,27.742,14075,265217.964603
824,29.395,2017-05-14,31.011,28.0,29.398,15852,285707.262237
825,25.791,2017-05-15,29.44,25.479,29.394,14861,281018.142252
826,23.72,2017-05-16,26.97,23.144,25.79,22761,377983.144957
827,26.011,2017-05-17,26.98,21.01,23.72,34001,405746.796382
828,29.134,2017-05-18,29.93,25.567,25.977,20896,297289.785176
829,27.373,2017-05-19,29.385,26.39,29.134,16613,273723.891194
830,27.202,2017-05-20,27.892,26.85,27.359,10732,111042.752269
831,25.61,2017-05-21,28.763,25.258,27.202,14363,218999.17003
832,23.931,2017-05-22,26.311,21.708,25.6,36446,461083.576653
833,30.692,2017-05-23,30.885,23.274,23.998,22981,478063.296991
834,33.579,2017-05-24,34.45,30.015,30.669,22071,416117.107953
835,27.211,2017-05-25,33.99,26.06,33.487,30580,484701.255387
836,24.21,2017-05-26,29.424,23.21,27.115,23126,321848.4888
837,22.095,2017-05-27,25.3,17.6,24.15,26304,495338.096636
838,22.817,2017-05-28,24.979,20.6,22.127,22467,255025.125393
839,24.789,2017-05-29,25.45,21.925,22.73,12804,133402.434581
840,23.667,2017-05-30,26.0,23.1,24.783,15215,184944.629791
841,24.777,2017-05-31,25.154,21.93,23.659,12565,124786.08804
842,26.5,2017-06-01,28.6,23.91,24.719,22310,257617.676638
843,26.967,2017-06-02,27.71,25.4,26.5,10406,97866.9122658
844,26.413,2017-06-03,27.155,25.81,26.968,6756,52494.1052937
845,27.415,2017-06-04,27.59,25.79,26.419,7042,76091.253601
846,29.999,2017-06-05,30.84,27.31,27.415,12237,212849.007469
847,29.762,2017-06-06,30.9,28.185,30.009,15509,228991.140323
848,28.1,2017-06-07,30.564,27.7,29.78,8960,151034.133547
849,29.847,2017-06-08,30.398,27.435,28.069,10443,134474.406801
850,29.506,2017-06-09,30.815,29.485,29.847,8915,121897.354529
851,28.72,2017-06-10,29.965,28.6,29.493,8866,73956.2469962
852,33.95,2017-06-11,34.0,28.725,28.761,12674,230550.414558
853,28.0,2017-06-12,31.134,21.5,30.81,15451,301613.322696
854,30.08,2017-06-13,30.1,27.42,27.911,8281,111627.948961
855,28.266,2017-06-14,31.017,26.586,30.086,14812,207187.813196
856,28.565,2017-06-15,29.08,24.25,28.254,18417,196612.402642
857,33.248,2017-06-16,33.413,27.23,28.59,17397,228340.219863
858,45.358,2017-06-17,47.6,33.087,33.26,38224,721151.515451
859,43.112,2017-06-18,45.49,39.5,45.459,26953,384711.500868
860,47.197,2017-06-19,49.99,41.934,43.262,35468,452032.417969
861,45.77,2017-06-20,48.427,43.1,47.2,21492,201949.479761
862,43.76,2017-06-21,46.99,41.5,45.732,19723,221999.457575
863,45.85,2017-06-22,47.539,42.094,43.575,21224,134950.762789
864,45.23,2017-06-23,46.59,45.005,45.87,12239,61663.8279567
865,41.311,2017-06-24,45.615,40.6,45.232,15384,150370.39462
866,40.158,2017-06-25,43.115,37.201,41.599,19871,168637.299297
867,37.78,2017-06-26,40.94,34.1,40.215,21644,347317.08113
868,39.547,2017-06-27,39.547,32.62,37.77,15365,199350.522399
869,41.192,2017-06-28,42.465,37.16,39.561,14536,154613.873771
870,39.269,2017-06-29,41.5,38.02,41.249,10315,89014.580216
871,38.83,2017-06-30,40.76,38.301,39.124,6014,56661.2268088
872,37.01,2017-07-01,39.241,35.61,38.775,6196,82216.2911046
873,40.4,2017-07-02,41.25,35.7,37.016,14511,107482.961859
874,45.298,2017-07-03,47.36,39.475,40.327,17514,314269.329393
875,54.59,2017-07-04,55.0,45.185,45.3,28774,429321.656365
876,52.75,2017-07-05,55.471,48.561,54.584,21329,280997.248437
877,50.831,2017-07-06,52.764,49.235,52.75,12798,130008.491006
878,45.686,2017-07-07,50.995,44.5,50.831,24082,425530.435877
879,50.924,2017-07-08,51.6,43.557,45.77,17212,226531.7597
880,48.2,2017-07-09,52.153,47.885,51.0,13115,181312.414373
881,44.315,2017-07-10,49.365,42.2,48.201,16306,306425.173601
882,43.435,2017-07-11,46.0,40.0,44.315,25924,313046.256203
883,46.84,2017-07-12,48.0,41.21,43.444,18286,230859.147211
884,45.165,2017-07-13,47.39,43.76,46.839,15014,130876.04362
885,42.35,2017-07-14,45.664,39.61,45.166,21038,228986.599355
886,38.379,2017-07-15,42.5,37.701,42.35,18564,247260.694845
887,40.935,2017-07-16,41.864,36.0,38.409,24434,295094.830758
888,42.129,2017-07-17,43.1,39.635,40.935,19229,247582.773253
889,43.469,2017-07-18,44.9,40.638,42.096,19113,245661.726859
890,40.0,2017-07-19,44.25,39.5,43.33,13921,151943.005518
891,44.85,2017-07-20,46.2,40.0,40.0,24072,215137.563371
892,45.45,2017-07-21,47.965,44.1,44.85,16584,194335.683511
893,47.01,2017-07-22,47.6,45.135,45.45,10952,99480.4791585
894,45.107,2017-07-23,47.21,43.62,47.034,15155,122629.933043
895,45.1,2017-07-24,45.715,44.06,45.045,8163,60850.1602052
896,42.081,2017-07-25,45.48,40.185,45.122,15559,252442.743284
897,42.101,2017-07-26,42.83,40.101,42.128,18230,125473.084165
898,41.8,2017-07-27,42.415,40.542,42.08,18522,96651.893757
899,40.439,2017-07-28,42.153,39.509,41.75,24215,127039.201345
900,41.052,2017-07-29,41.375,38.37,40.399,13879,96087.5750198
901,40.001,2017-07-30,42.0,39.568,41.017,14299,79471.4096194
902,42.107,2017-07-31,43.5,38.111,40.0,16887,193745.240038
903,43.12,2017-08-01,44.381,40.195,42.073,22875,217677.117993
904,41.812,2017-08-02,43.282,41.438,43.123,23009,118397.103724
905,42.579,2017-08-03,42.99,41.576,41.576,14433,78211.3774825
906,43.018,2017-08-04,43.746,42.283,42.578,17053,87756.2607236
907,46.255,2017-08-05,47.232,42.976,43.018,25805,221316.639568
908,45.486,2017-08-06,47.19,45.0,46.255,18457,115820.271033
909,46.0,2017-08-07,46.79,45.174,45.479,13222,94731.1044503
910,49.0,2017-08-08,49.75,45.56,46.003,21393,213460.645964
911,47.56,2017-08-09,50.247,46.711,49.0,21140,184337.438544
912,46.5,2017-08-10,48.657,46.485,47.615,14403,73610.7593979
913,46.964,2017-08-11,47.4,45.999,46.492,12010,105785.410441
914,45.879,2017-08-12,47.642,45.75,46.929,19805,124991.11123
915,45.276,2017-08-13,47.75,43.84,45.997,24123,176249.983687
916,45.497,2017-08-14,46.29,44.852,45.262,12749,92189.6554293
917,42.967,2017-08-15,45.576,41.311,45.454,25057,198158.380077
918,43.911,2017-08-16,44.899,41.96,42.98,18825,114418.917477
919,43.618,2017-08-17,44.909,42.91,43.91,11196,104278.432845
920,46.52,2017-08-18,47.911,43.011,43.68,23212,217150.245781
921,44.976,2017-08-19,46.64,42.7,46.521,12391,129290.763919
922,45.685,2017-08-20,47.314,43.844,44.904,12500,88328.7114723
923,47.971,2017-08-21,48.865,45.035,45.7,15750,176600.279988
924,46.25,2017-08-22,48.024,44.496,47.971,24681,166832.899301
925,53.004,2017-08-23,55.0,45.513,46.266,32801,537580.232698
926,49.663,2017-08-24,53.984,49.535,53.008,25040,346453.980439
927,50.916,2017-08-25,52.274,49.259,49.669,12898,152676.84076
928,51.529,2017-08-26,52.109,49.821,50.951,10559,118755.198726
929,60.5,2017-08-27,64.289,51.5,51.529,43068,644072.442262
930,62.14,2017-08-28,65.0,58.1,60.463,30860,369556.28977
931,63.534,2017-08-29,63.939,60.51,62.161,22923,203275.372478
932,65.448,2017-08-30,66.202,61.35,63.54,19320,225004.658152
933,72.691,2017-08-31,74.27,64.765,65.346,35765,476511.900811
934,87.137,2017-09-01,89.95,71.145,72.626,71684,1043052.82257
935,78.494,2017-09-02,93.716,71.569,87.221,68273,1023529.69794
936,78.527,2017-09-03,83.8,72.4,78.495,36064,522263.044593
937,66.8,2017-09-04,78.77,61.5,78.551,59043,852281.293743
938,73.28,2017-09-05,74.569,60.65,66.8,47443,677342.384012
939,81.111,2017-09-06,82.0,73.0,73.27,43473,558522.1273
940,80.1,2017-09-07,83.092,76.96,81.111,27119,335241.701152
941,72.91,2017-09-08,82.3,65.306,80.089,52337,745080.099905
942,70.75,2017-09-09,73.63,68.62,72.91,27682,371861.141278
943,67.205,2017-09-10,70.952,62.5,70.751,36645,584404.079621
944,68.121,2017-09-11,71.532,65.0,67.205,26828,365050.525559
945,65.945,2017-09-12,72.01,63.981,68.032,28843,515158.653374
946,61.652,2017-09-13,66.365,57.25,65.981,40251,692880.231772
947,45.001,2017-09-14,62.763,44.57,61.678,63368,1331666.1807
948,51.821,2017-09-15,55.39,32.454,45.0,93222,2450957.34191
949,51.824,2017-09-16,57.0,49.5,51.821,39846,802069.381236
950,50.718,2017-09-17,53.0,47.539,51.93,28578,448828.476253
951,56.289,2017-09-18,57.4,50.71,50.718,39634,557881.137429
952,52.58,2017-09-19,57.1,50.926,56.263,42500,565680.191088
953,51.502,2017-09-20,54.62,50.951,52.585,26127,255808.126202
954,46.399,2017-09-21,52.704,44.508,51.482,48070,729676.128739
955,47.5,2017-09-22,48.7,44.501,46.332,44185,547241.040202
956,49.28,2017-09-23,49.89,46.201,47.503,26588,331485.60868
957,47.3,2017-09-24,49.453,47.0,49.175,25364,208051.33847
958,52.397,2017-09-25,53.24,47.27,47.299,32125,439375.193984
959,52.203,2017-09-26,54.5,51.28,52.36,24300,308916.730169
960,56.83,2017-09-27,57.571,52.06,52.24,28500,424222.124636
961,54.919,2017-09-28,57.28,53.867,56.883,38609,383603.955007
962,52.876,2017-09-29,54.955,50.52,54.919,29930,344105.3223
963,55.56,2017-09-30,56.014,52.875,52.875,20890,232159.756404
964,54.872,2017-10-01,55.892,53.503,55.56,14412,198780.407439
965,53.261,2017-10-02,55.222,52.8,54.876,15392,186373.720185
966,52.083,2017-10-03,53.571,51.111,53.344,14537,154820.010625
967,51.235,2017-10-04,53.0,50.5,52.147,15517,198743.400001
968,51.665,2017-10-05,51.948,50.12,51.201,12032,174152.094313
969,52.056,2017-10-06,52.8,51.35,51.643,9443,115118.319583
970,52.571,2017-10-07,53.05,51.5,52.068,9017,126115.614557
971,53.31,2017-10-08,54.825,52.309,52.61,17080,223156.223674
972,50.068,2017-10-09,53.49,47.942,53.31,39964,311961.904264
973,50.698,2017-10-10,51.789,49.651,50.087,25670,228024.208894
974,50.804,2017-10-11,51.163,50.186,50.693,17392,144831.763427
975,60.503,2017-10-12,60.557,50.67,50.76,49545,713190.920412
976,59.306,2017-10-13,60.84,54.599,60.5,55147,693497.488867
977,63.939,2017-10-14,66.5,58.18,59.306,48098,654892.139964
978,65.86,2017-10-15,70.364,61.76,63.91,52019,834754.529181
979,64.782,2017-10-16,66.499,62.0,65.861,29141,364023.286849
980,59.172,2017-10-17,65.0,58.0,64.791,23249,335060.304153
981,60.499,2017-10-18,61.99,52.87,59.202,31066,620358.64268
982,59.55,2017-10-19,61.5,58.136,60.499,19830,357769.089332
983,59.996,2017-10-20,62.988,58.111,59.614,19925,348665.272905
984,58.014,2017-10-21,60.379,55.351,59.994,16852,273881.989133
985,56.422,2017-10-22,58.577,54.752,58.124,12713,173179.677559
986,54.533,2017-10-23,56.348,51.174,56.348,23246,414406.062547
987,55.635,2017-10-24,59.0,51.9,54.562,24072,384528.175978
988,56.039,2017-10-25,56.311,53.33,55.61,14349,200259.773635
989,55.5,2017-10-26,56.899,54.0,56.057,10387,137928.864055
990,54.958,2017-10-27,56.001,54.635,55.481,7840,103325.384124
991,54.01,2017-10-28,55.75,53.008,55.006,7604,93646.4128189
992,56.838,2017-10-29,57.9,53.62,54.013,13992,209973.345023
993,56.18,2017-10-30,58.973,55.63,56.834,12843,208129.163907
994,55.552,2017-10-31,56.8,55.5,56.13,7727,122104.839419
995,52.849,2017-11-01,55.59,52.511,55.501,10153,208176.720322
996,53.989,2017-11-02,55.053,49.022,52.728,23636,417339.649427
997,55.83,2017-11-03,56.0,53.036,53.99,16282,262034.694396
998,54.636,2017-11-04,56.1,54.238,55.797,9169,139791.402429
999,54.441,2017-11-05,55.464,54.321,54.636,10084,157069.55912
1000,54.375,2017-11-06,55.88,53.351,54.398,13223,221711.178692
1001,60.34,2017-11-07,63.444,54.306,54.365,37124,699784.859835
1002,62.409,2017-11-08,64.267,59.11,60.487,31787,637845.179906
1003,64.31,2017-11-09,66.77,61.303,62.396,27309,506720.235334
1004,58.626,2017-11-10,65.77,55.68,64.31,34519,559968.221237
1005,61.686,2017-11-11,63.753,57.834,58.686,26281,389654.325237
1006,58.261,2017-11-12,62.0,55.68,61.909,34593,572100.8646
1007,61.0,2017-11-13,61.598,57.395,58.182,24590,421930.612038
1008,61.99,2017-11-14,63.32,59.22,60.881,19379,367008.708341
1009,63.03,2017-11-15,64.9,61.85,61.99,16822,322912.387329
1010,70.654,2017-11-16,73.5,62.5,63.029,30181,599046.480165
1011,67.132,2017-11-17,71.507,65.1,70.7,35021,668230.758709
1012,69.591,2017-11-18,70.01,65.0,67.13,17407,316056.389332
1013,71.72,2017-11-19,73.387,68.255,69.59,25673,445915.217976
1014,72.331,2017-11-20,73.4,70.42,71.72,17959,272123.741781
1015,69.99,2017-11-21,73.0,67.0,72.331,25228,426610.792334
1016,71.735,2017-11-22,72.19,69.507,69.985,13179,195891.001666
1017,72.37,2017-11-23,76.25,70.303,71.868,27614,624130.809973
1018,77.886,2017-11-24,77.949,71.559,72.37,22693,426934.844573
1019,88.443,2017-11-25,89.393,76.809,77.748,38824,705903.29166
1020,85.456,2017-11-26,88.998,82.75,88.37,24421,393365.891478
1021,90.761,2017-11-27,93.0,85.169,85.528,34775,560816.151899
1022,94.003,2017-11-28,94.838,89.0,90.799,28227,461037.789045
1023,83.675,2017-11-29,102.78,80.494,94.04,60017,995334.026242
1024,85.768,2017-11-30,91.13,74.0,83.69,43647,682066.023365
1025,97.841,2017-12-01,99.899,80.889,85.576,45546,716628.411827
1026,98.83,2017-12-02,104.14,96.411,97.828,33492,478767.851448
1027,99.865,2017-12-03,106.32,93.614,98.755,28413,370465.461129
1028,103.42,2017-12-04,103.79,93.741,99.988,26662,305464.734486
1029,99.487,2017-12-05,103.66,99.0,103.42,25801,309568.407536
1030,96.503,2017-12-06,102.4,92.0,99.488,44207,451999.065835
1031,93.56,2017-12-07,97.92,84.4,96.445,40011,393576.368115
1032,120.9,2017-12-08,129.0,88.93,93.502,88596,1162453.54601
1033,149.0,2017-12-09,156.0,120.55,120.9,114421,1576968.51032
1034,144.6,2017-12-10,154.0,122.45,148.95,70982,830336.614262
1035,210.11,2017-12-11,226.8,143.2,144.62,135265,1670073.20339
1036,292.12,2017-12-12,321.39,202.21,210.0,199983,1725741.31588
1037,295.35,2017-12-13,350.0,268.35,292.12,156338,1234527.60062
1038,276.31,2017-12-14,310.37,252.34,294.23,98736,694033.164592
1039,295.55,2017-12-15,317.9,241.0,276.32,106573,819476.287666
1040,295.67,2017-12-16,308.03,275.03,295.56,50111,366520.774897
1041,313.5,2017-12-17,331.84,295.31,296.21,67301,513424.428534
1042,355.5,2017-12-18,362.56,291.43,313.41,77362,529112.590253
1043,340.8,2017-12-19,370.78,323.0,355.73,94378,612126.31117
1044,304.31,2017-12-20,340.81,292.43,340.36,94519,579715.275977
1045,306.99,2017-12-21,328.0,280.0,303.72,76276,418304.320931
1046,248.38,2017-12-22,308.0,150.0,306.64,137605,1063157.3312
1047,269.0,2017-12-23,293.22,239.77,248.38,70217,383990.360612
1048,261.99,2017-12-24,270.41,223.4,269.03,56049,332759.328965
1049,261.14,2017-12-25,278.27,249.52,261.38,36328,179039.97429
1050,278.78,2017-12-26,283.57,260.04,261.8,40803,225930.317896
1051,263.53,2017-12-27,284.49,251.4,278.76,41436,219093.778061
1052,247.45,2017-12-28,265.0,222.39,263.6,52611,280947.906314
1053,239.51,2017-12-29,257.48,234.79,247.45,44158,223889.567394
1054,206.99,2017-12-30,240.82,195.0,239.8,59912,367404.472876
1055,225.4,2017-12-31,233.31,204.0,207.0,44599,287323.312614
1056,223.51,2018-01-01,233.08,214.5,225.68,32569,178408.291692
1057,250.11,2018-01-02,259.0,223.51,223.51,60590,405540.869166
1058,244.21,2018-01-03,255.28,239.24,250.11,43161,248896.797014
1059,237.76,2018-01-04,245.3,222.56,244.21,60048,349172.114175
1060,242.9,2018-01-05,252.0,232.0,237.83,53155,395162.151276
1061,278.0,2018-01-06,306.85,242.0,243.32,94636,712729.497698
1062,271.05,2018-01-07,289.0,264.01,278.07,45178,255861.397977
1063,252.77,2018-01-08,274.0,230.18,271.69,56999,351688.306123
1064,245.0,2018-01-09,259.0,236.09,252.76,46151,270402.142611
1065,249.24,2018-01-10,249.88,227.4,245.0,45230,281063.240593
1066,225.52,2018-01-11,252.97,212.01,249.07,48653,353737.117883
1067,234.96,2018-01-12,242.0,217.8,225.59,28127,162963.434757
1068,257.7,2018-01-13,263.22,234.63,234.81,32295,216790.248954
1069,235.24,2018-01-14,269.99,226.0,257.7,38316,258345.303503
1070,231.05,2018-01-15,244.42,230.0,235.24,25052,162639.273978
1071,181.8,2018-01-16,231.61,148.14,231.06,77891,706904.518782
1072,186.71,2018-01-17,195.33,137.32,181.8,75798,628568.342873
1073,187.66,2018-01-18,204.82,171.94,186.73,55885,400726.11476
1074,191.68,2018-01-19,200.54,180.51,187.5,33475,228075.410949
1075,209.85,2018-01-20,214.55,191.67,191.87,26118,168242.91351
1076,189.96,2018-01-21,210.2,182.1,210.06,25579,152785.884903
1077,179.54,2018-01-22,195.01,165.0,189.96,30911,215764.15821
1078,177.64,2018-01-23,186.5,164.02,179.54,28058,203028.970625
1079,180.36,2018-01-24,185.17,171.73,177.84,20579,136810.621779
1080,178.8,2018-01-25,185.0,174.84,180.35,16787,105176.079504
1081,175.37,2018-01-26,182.8,164.49,179.12,20489,119391.467553
1082,181.49,2018-01-27,185.89,173.43,175.38,18648,128679.952866
1083,196.08,2018-01-28,197.28,181.03,181.5,19443,115066.639867
1084,181.51,2018-01-29,196.55,178.19,196.09,18838,107836.53877
1085,167.35,2018-01-30,181.99,160.29,181.51,27593,209504.872779
1086,164.5,2018-01-31,167.92,157.08,167.35,21746,144357.109675
1087,143.2,2018-02-01,167.58,133.0,164.29,33771,257305.379867
1088,132.0,2018-02-02,143.59,107.15,142.65,30803,262949.118875
1089,161.35,2018-02-03,166.4,120.16,131.75,49055,377956.596403
1090,147.47,2018-02-04,174.3,136.14,161.5,79545,749701.140566
1091,125.32,2018-02-05,154.46,117.35,147.91,77859,726512.796575
1092,141.81,2018-02-06,146.81,106.52,125.61,93946,864593.955685
1093,137.93,2018-02-07,157.2,130.5,141.96,57470,459867.914662
1094,149.86,2018-02-08,151.63,137.0,137.81,36728,276795.423855
1095,163.61,2018-02-09,164.96,141.41,149.66,35335,292492.884915
1096,154.82,2018-02-10,169.3,146.85,163.66,41789,325603.906191
1097,148.92,2018-02-11,156.0,141.28,154.9,28911,191448.585762
1098,161.39,2018-02-12,164.17,148.81,148.81,25359,195636.720581
1099,159.19,2018-02-13,162.56,152.04,161.46,16767,108823.674455
1100,211.97,2018-02-14,216.89,159.4,159.4,97139,915556.498427
1101,220.47,2018-02-15,236.3,207.0,211.96,93246,717515.48427
1102,228.5,2018-02-16,235.0,209.0,220.46,60661,464727.455685
1103,228.9,2018-02-17,232.88,222.96,228.48,31075,198319.470783
1104,213.57,2018-02-18,231.54,211.0,228.87,52397,345240.441472
1105,221.63,2018-02-19,227.4,212.85,213.3,29285,233209.707213
1106,228.98,2018-02-20,252.86,221.0,221.6,68883,623515.195153
1107,210.05,2018-02-21,231.32,203.29,228.85,64743,479932.074615
1108,192.47,2018-02-22,221.0,187.98,210.07,58972,452049.853331
1109,206.21,2018-02-23,215.62,181.86,192.37,53934,397621.452903
1110,206.33,2018-02-24,218.43,193.88,206.21,51967,325066.512372
1111,218.13,2018-02-25,222.95,199.22,206.17,47999,323992.893452
1112,218.36,2018-02-26,232.79,214.11,218.27,54722,420690.774228
1113,214.96,2018-02-27,223.65,211.24,218.53,32056,214560.722544
1114,202.02,2018-02-28,223.51,201.35,215.09,31815,226688.346889
1115,209.26,2018-03-01,215.65,200.19,202.02,25758,144272.61911
1116,213.32,2018-03-02,214.11,203.59,209.4,20515,116759.300147
1117,209.92,2018-03-03,218.98,208.67,213.23,27724,168818.175758
1118,213.47,2018-03-04,215.22,203.69,209.92,17818,97102.3687129
1119,210.0,2018-03-05,216.99,208.74,213.47,17870,107545.736206
1120,196.14,2018-03-06,210.03,191.7,210.02,25046,172041.660714
1121,185.17,2018-03-07,199.38,173.12,196.22,37267,298117.267999
1122,175.48,2018-03-08,187.71,172.98,185.59,28067,186381.987586
1123,186.04,2018-03-09,189.99,127.72,175.47,55673,473369.582198
